{"cameraMode":{"drawMode":0,"name":"Shaded","section":"Shading Mode"},"sceneLighting":false,"audioPlay":false,"sceneViewState":{"showFog":true,"showMaterialUpdate":false,"showSkybox":true,"showFlares":true,"showImageEffects":true,"showParticleSystems":true},"in2DMode":false,"pivot":{"x":0.9106830954551697,"y":-13.603514671325684,"z":21.37970542907715},"rotation":{"x":0.25891682505607607,"y":-0.004349909257143736,"z":0.0011549284681677819,"w":0.9659114480018616},"size":38.374549865722659,"orthographic":false}