{"cameraMode":{"drawMode":0,"name":"Shaded","section":"Shading Mode"},"sceneLighting":false,"audioPlay":false,"sceneViewState":{"showFog":true,"showMaterialUpdate":false,"showSkybox":true,"showFlares":true,"showImageEffects":true,"showParticleSystems":true},"in2DMode":false,"pivot":{"x":-24.079130172729493,"y":-41.077972412109378,"z":0.06985804438591004},"rotation":{"x":0.38193279504776,"y":-0.32586368918418887,"z":0.1459691971540451,"w":0.8524919748306274},"size":126.50045013427735,"orthographic":false}