{"cameraMode":{"drawMode":0,"name":"Shaded","section":"Shading Mode"},"sceneLighting":false,"audioPlay":false,"sceneViewState":{"showFog":true,"showMaterialUpdate":false,"showSkybox":true,"showFlares":true,"showImageEffects":true,"showParticleSystems":true},"in2DMode":false,"pivot":{"x":4.599999904632568,"y":2.4000000953674318,"z":-37.0},"rotation":{"x":0.5716118812561035,"y":-0.07481995224952698,"z":0.05244893953204155,"w":0.8154208660125732},"size":6.567741394042969,"orthographic":false}