{"cameraMode":{"drawMode":0,"name":"Shaded","section":"Shading Mode"},"sceneLighting":true,"audioPlay":false,"sceneViewState":{"showFog":true,"showMaterialUpdate":false,"showSkybox":true,"showFlares":true,"showImageEffects":true,"showParticleSystems":true},"in2DMode":false,"pivot":{"x":-3.4263322353363039,"y":2.9165823459625246,"z":-36.58961868286133},"rotation":{"x":0.34874725341796877,"y":-0.2326122224330902,"z":0.08979344367980957,"w":0.9034416079521179},"size":81.81169128417969,"orthographic":true}