{"cameraMode":{"drawMode":0,"name":"Shaded","section":"Shading Mode"},"sceneLighting":true,"audioPlay":false,"sceneViewState":{"showFog":true,"showMaterialUpdate":false,"showSkybox":true,"showFlares":true,"showImageEffects":true,"showParticleSystems":true},"in2DMode":false,"pivot":{"x":17.862049102783204,"y":19.815561294555665,"z":-2.295344352722168},"rotation":{"x":0.31209880113601687,"y":0.0028486603405326607,"z":-0.0009397102403454483,"w":0.950062096118927},"size":80.66778564453125,"orthographic":true}