{"cameraMode":{"drawMode":0,"name":"Shaded","section":"Shading Mode"},"sceneLighting":true,"audioPlay":false,"sceneViewState":{"showFog":true,"showMaterialUpdate":false,"showSkybox":true,"showFlares":true,"showImageEffects":true,"showParticleSystems":true},"in2DMode":false,"pivot":{"x":6.054181098937988,"y":20.99286651611328,"z":-57.56880569458008},"rotation":{"x":0.31209880113601687,"y":0.0028486603405326607,"z":-0.0009397102403454483,"w":0.950062096118927},"size":10.0,"orthographic":true}