{"cameraMode":{"drawMode":0,"name":"Shaded","section":"Shading Mode"},"sceneLighting":false,"audioPlay":false,"sceneViewState":{"showFog":true,"showMaterialUpdate":false,"showSkybox":true,"showFlares":true,"showImageEffects":true,"showParticleSystems":true},"in2DMode":false,"pivot":{"x":1.7279139757156373,"y":-0.9904603362083435,"z":4.464726448059082},"rotation":{"x":0.27692434191703799,"y":-0.2760258615016937,"z":0.08339142054319382,"w":0.9166110157966614},"size":18.13062858581543,"orthographic":false}