{"cameraMode":{"drawMode":0,"name":"Shaded","section":"Shading Mode"},"sceneLighting":false,"audioPlay":false,"sceneViewState":{"showFog":true,"showMaterialUpdate":false,"showSkybox":true,"showFlares":true,"showImageEffects":true,"showParticleSystems":true},"in2DMode":false,"pivot":{"x":14.268609046936036,"y":-36.64002227783203,"z":48.16401672363281},"rotation":{"x":0.4126840829849243,"y":-0.0027318578213453295,"z":0.0012387955794110895,"w":0.9108749032020569},"size":65.38323211669922,"orthographic":false}