{"cameraMode":{"drawMode":0,"name":"Shaded","section":"Shading Mode"},"sceneLighting":false,"audioPlay":false,"sceneViewState":{"showFog":true,"showMaterialUpdate":false,"showSkybox":true,"showFlares":true,"showImageEffects":true,"showParticleSystems":true},"in2DMode":false,"pivot":{"x":66.9693374633789,"y":14.191498756408692,"z":-0.9741082191467285},"rotation":{"x":0.5716118812561035,"y":-0.07481995224952698,"z":0.05244893953204155,"w":0.8154208660125732},"size":69.9067611694336,"orthographic":false}