{"cameraMode":{"drawMode":0,"name":"Shaded","section":"Shading Mode"},"sceneLighting":false,"audioPlay":false,"sceneViewState":{"showFog":true,"showMaterialUpdate":false,"showSkybox":false,"showFlares":true,"showImageEffects":true,"showParticleSystems":true},"in2DMode":false,"pivot":{"x":0.2190539836883545,"y":15.132539749145508,"z":1.7670207023620606},"rotation":{"x":0.5215444564819336,"y":0.012265226803719998,"z":-0.007544961757957935,"w":0.8531546592712402},"size":0.3712318539619446,"orthographic":false}