{"cameraMode":{"drawMode":0,"name":"Shaded","section":"Shading Mode"},"sceneLighting":false,"audioPlay":false,"sceneViewState":{"showFog":true,"showMaterialUpdate":false,"showSkybox":true,"showFlares":true,"showImageEffects":true,"showParticleSystems":true},"in2DMode":false,"pivot":{"x":1.7279139757156373,"y":-0.9904603362083435,"z":4.464726448059082},"rotation":{"x":0.3016928732395172,"y":-0.40859007835388186,"z":0.14517632126808167,"w":0.8490954041481018},"size":15.844672203063965,"orthographic":false}